container_1485248649253_0052_01_000010,application_1485248649253_0052,2017-03-29T10:07:21.000Z,2017-03-29T10:07:53.000Z,0052,1485248649253
container_1485248649253_0052_01_000011,application_1485248649253_0052,2017-03-29T10:02:05.000Z,2017-03-29T10:02:38.000Z,0052,1485248649253
container_1485248649253_0052_01_000002,application_1485248649253_0052,2017-03-29T10:11:03.000Z,2017-03-29T10:11:36.000Z,0052,1485248649253
container_1485248649253_0052_01_000001,application_1485248649253_0052,2017-03-29T10:04:41.000Z,2017-03-29T10:05:18.000Z,0052,1485248649253
container_1485248649253_0052_01_000017,application_1485248649253_0052,2017-03-29T10:03:10.000Z,2017-03-29T10:03:43.000Z,0052,1485248649253
container_1485248649253_0052_01_000013,application_1485248649253_0052,2017-03-29T10:02:40.000Z,2017-03-29T10:03:12.000Z,0052,1485248649253
container_1485248649253_0052_01_000004,application_1485248649253_0052,2017-03-29T10:03:54.000Z,2017-03-29T10:04:27.000Z,0052,1485248649253
container_1485248649253_0052_01_000005,application_1485248649253_0052,2017-03-29T10:04:44.000Z,2017-03-29T10:05:18.000Z,0052,1485248649253
container_1485248649253_0052_01_000006,application_1485248649253_0052,2017-03-29T10:04:58.000Z,2017-03-29T10:05:31.000Z,0052,1485248649253
container_1485248649253_0052_01_000008,application_1485248649253_0052,2017-03-29T09:55:33.000Z,2017-03-29T09:56:05.000Z,0052,1485248649253
container_1485248649253_0052_01_000015,application_1485248649253_0052,2017-03-29T10:09:26.000Z,2017-03-29T10:09:59.000Z,0052,1485248649253
container_1485248649253_0052_01_000014,application_1485248649253_0052,2017-03-29T10:07:30.000Z,2017-03-29T10:08:02.000Z,0052,1485248649253
container_1485248649253_0052_01_000003,application_1485248649253_0052,2017-03-29T10:08:58.000Z,2017-03-29T10:09:31.000Z,0052,1485248649253
container_1485248649253_0052_01_000009,application_1485248649253_0052,2017-03-29T10:07:35.000Z,2017-03-29T10:08:07.000Z,0052,1485248649253
container_1485248649253_0052_01_000012,application_1485248649253_0052,2017-03-29T10:08:33.000Z,2017-03-29T10:09:06.000Z,0052,1485248649253
